my_signal,subject_id,identifier,filename
False,rep_77,6e65b907e81b4a48929e24da50c10df0,repertoires\4a13f9ed58614d11a04565690b9d1131.npy
False,rep_81,00a597c69e99401a8ca58c9d13b85449,repertoires\e3a6c6f2878a4397b9b11855528e80c2.npy
True,rep_26,0bb7591e444549cf9d01bd3e2ee43ccf,repertoires\20eba36e07c04c369be64491a56d218a.npy
True,rep_22,6c4d438236da4c9cb5bb3f768a2a2b79,repertoires\852a835fa6224d21a71180b12362504a.npy
False,rep_91,fb44411a8fe34ecfaf455934069557ee,repertoires\6f888d0fd60c4a96ba7237ef9aa32309.npy
True,rep_7,80848a29afc6485c919c5938b56aeab6,repertoires\4d1543d95ddd4edd980619aa41660140.npy
True,rep_25,7682f720dc5b46e598e4fb158b03c697,repertoires\d77aa202295447a5a2ebb34359fbf396.npy
True,rep_40,302a55fa631248489be173c1ac262673,repertoires\232b31bb3d8f4a5d85b582433b40f61c.npy
False,rep_60,ff32df75ace54dbdbad8cc7a6ef7968f,repertoires\6d65b21d653b412cb87b77fac8fe720c.npy
False,rep_73,123b069be56d47e78776ae1dc96146de,repertoires\6055776086f14379b76ac425064b874d.npy
False,rep_66,c22f15e19e3448919406191ddec7fff0,repertoires\562b4de061e84c1c95132685c9cafff1.npy
False,rep_89,c0d5dacc44f146b29c4fba00eedb0738,repertoires\27bd1f3f0cc04e24987974381dc7b446.npy
True,rep_18,b20ef69b8ec64cb39782f8af2bd822bc,repertoires\378715d6480946e6b173cc393aec3090.npy
False,rep_57,f4bfbdbf249a43f5b31f82a3e683f643,repertoires\105b66a36c9a4239935fa1a0c4500183.npy
False,rep_87,2c2af1a7de814f8587bf40cecd182b99,repertoires\41c24d5bc45e402f89adabb6780e8544.npy
False,rep_92,25f87bbd55c14113a3e3ec9066c78b79,repertoires\e6c343edd2fb42788b23cf35ef043ed0.npy
True,rep_17,c986b5264b284852a713d58b8c455acf,repertoires\6391674874a04fa2a9261e5f980eb25e.npy
False,rep_56,a4b2bdc540794b45a8e7b326866a803d,repertoires\308da191e77f42a0a08b3f080411c5bc.npy
True,rep_8,a24716f4421d4d909f15bfe493235a5a,repertoires\29aa82f1e6184799945ea0f034502bcb.npy
True,rep_20,c436134c9e9e436ea283038c60258808,repertoires\6fd3d3edf252420ea9e87499ad07c017.npy
True,rep_27,46e530fe35d24345991ff463be3d8c6c,repertoires\e917bdb37f0646efbb905b8a1286c013.npy
False,rep_71,32bfc4cf71e84a679c6b73e1eff61b80,repertoires\452b0e6fec3a46b6ac7252704fac9824.npy
True,rep_34,5c363833b8b54cb2ac3651f7012f2835,repertoires\fcf542e944c34a25b3777740c942e151.npy
True,rep_33,a7088c5ba19c46139bf932d1d39685b3,repertoires\04bd06d5ab4d44f1a6739f1897d54b93.npy
True,rep_46,e976390942e345479ac65e14aeb52c93,repertoires\2c60cf191d094d3ab34d3a61f76610b8.npy
False,rep_53,447db987260a47cc9e28aa1b2744c380,repertoires\65d8b1743da24c259b009705ea8f8fe6.npy
True,rep_37,f959dadfcb0e4b1fa8043297ad4e3ce2,repertoires\28eca871005d44c3a8600f7953b4e8aa.npy
False,rep_94,1aec19004de14f89964a13db0f29fc59,repertoires\8dec05a8749e420289c8b3ceddcd513a.npy
True,rep_35,506cf376856a485b8369d6009aeac331,repertoires\6e4e326380e5443584b329283e8d1541.npy
False,rep_75,049cedc390e64b039dca6863c7c2d4ed,repertoires\5fbeca08f8734c349f1ecc15eee89c69.npy
False,rep_86,5adb77e761d04cf08c527a9c8ee77b87,repertoires\b0f5bcb8b4374128aa8bdd4d79924d7b.npy
False,rep_58,65d1b93bfc814ff0a00c48cdff92e9e2,repertoires\4311f323ef1f44f491017d816b8511b0.npy
True,rep_49,35801313b7c44fd9a41af37fd74aa114,repertoires\b0aa3728ff664a9e8b8d222492f16097.npy
False,rep_55,759dd1ce82d6421a97d84a05a3263de5,repertoires\f1cabefc17264d6a98a6bb1a8af23c46.npy
True,rep_30,5ba366e4bb2c4c8fbf247047ffb4c143,repertoires\e4847a73b7494bdb9d4ff368847459f7.npy
True,rep_31,275c1c44e2e3427eb5241f26987315dc,repertoires\b65bee6910da4f3093555d05d49acba2.npy
True,rep_23,add2e13baf924dcda2f34da2e7b39782,repertoires\51c35cac18a448d195d7c5ab4d7f2f4f.npy
True,rep_15,9bbcd595008f4f7fa8b0deeb95c26323,repertoires\fd43465570d3421b86fe49f483a602b7.npy
True,rep_19,284a93e2e6e947dc809a407c23cd474a,repertoires\384daecef40d4063900665e1b1bd64a4.npy
True,rep_0,19cb146467b8414a84cc11818b1783aa,repertoires\0b2ae4c1772d4dc096af78bbdf641cca.npy
True,rep_47,e4e1ebf75a5741bdaf7ae2ca9512235f,repertoires\778f04cc6f664989a64a277312f24422.npy
False,rep_80,85fa12d40f4d462aa62ae2e73d3d6a8d,repertoires\1c8c444691404a0a822baeba8d3cc0e9.npy
False,rep_93,9cb7642f39204f9ca8404227950a2df1,repertoires\40c7b700cff143b8b5dffb695fe3aa47.npy
True,rep_21,9a0e701bda9544668a8fffad7000ebc0,repertoires\f9a3d5cd872b4967ada7736580481ac2.npy
False,rep_70,4deeb421261a4571bc00db17dd9634dd,repertoires\87973aee10d94ebf9f2726ec11b20a12.npy
False,rep_88,6855aabf1c6f4194b8e69fef42175562,repertoires\54e77405313b4c8fb4f374cf6885a530.npy
True,rep_43,e6b73a107f7b4c3bb4d48e88d77575c3,repertoires\67d36f50c3f547d4abaa53f212dab9c5.npy
False,rep_79,2ff595fa708f43c49ceb614f04eb49a5,repertoires\b5713615b9e94e5c8ad173d0ebf72139.npy
False,rep_69,d0a305ca967b463ca84b910f08b55e20,repertoires\5cc5ea8b43924677aaa9867bedaceab3.npy
