filename,identifier,subject_id
repertoires/rep1.tsv,rep1,rep1
repertoires/rep2.tsv,rep2,rep2
repertoires/rep3.tsv,rep3,rep3
repertoires/rep4.tsv,rep4,rep4
repertoires/rep5.tsv,rep5,rep5
repertoires/rep6.tsv,rep6,rep6
repertoires/rep7.tsv,rep7,rep7
repertoires/rep8.tsv,rep8,rep8
repertoires/rep9.tsv,rep9,rep9
repertoires/rep10.tsv,rep10,rep10
repertoires/rep11.tsv,rep11,rep11
repertoires/rep12.tsv,rep12,rep12
repertoires/rep13.tsv,rep13,rep13
repertoires/rep14.tsv,rep14,rep14
repertoires/rep15.tsv,rep15,rep15
repertoires/rep16.tsv,rep16,rep16
repertoires/rep17.tsv,rep17,rep17
repertoires/rep18.tsv,rep18,rep18
repertoires/rep19.tsv,rep19,rep19
repertoires/rep20.tsv,rep20,rep20
repertoires/rep21.tsv,rep21,rep21
repertoires/rep22.tsv,rep22,rep22
repertoires/rep23.tsv,rep23,rep23
repertoires/rep24.tsv,rep24,rep24
repertoires/rep25.tsv,rep25,rep25
repertoires/rep26.tsv,rep26,rep26
repertoires/rep27.tsv,rep27,rep27
repertoires/rep28.tsv,rep28,rep28
repertoires/rep29.tsv,rep29,rep29
repertoires/rep30.tsv,rep30,rep30
repertoires/rep31.tsv,rep31,rep31
repertoires/rep32.tsv,rep32,rep32
repertoires/rep33.tsv,rep33,rep33
repertoires/rep34.tsv,rep34,rep34
repertoires/rep35.tsv,rep35,rep35
repertoires/rep36.tsv,rep36,rep36
repertoires/rep37.tsv,rep37,rep37
repertoires/rep38.tsv,rep38,rep38
repertoires/rep39.tsv,rep39,rep39
repertoires/rep40.tsv,rep40,rep40
repertoires/rep41.tsv,rep41,rep41
repertoires/rep42.tsv,rep42,rep42
repertoires/rep43.tsv,rep43,rep43
repertoires/rep44.tsv,rep44,rep44
repertoires/rep45.tsv,rep45,rep45
repertoires/rep46.tsv,rep46,rep46
repertoires/rep47.tsv,rep47,rep47
repertoires/rep48.tsv,rep48,rep48
repertoires/rep49.tsv,rep49,rep49
repertoires/rep50.tsv,rep50,rep50
repertoires/rep51.tsv,rep51,rep51
repertoires/rep52.tsv,rep52,rep52
repertoires/rep53.tsv,rep53,rep53
repertoires/rep54.tsv,rep54,rep54
repertoires/rep55.tsv,rep55,rep55
repertoires/rep56.tsv,rep56,rep56
repertoires/rep57.tsv,rep57,rep57
repertoires/rep58.tsv,rep58,rep58
repertoires/rep59.tsv,rep59,rep59
repertoires/rep60.tsv,rep60,rep60
repertoires/rep61.tsv,rep61,rep61
repertoires/rep62.tsv,rep62,rep62
repertoires/rep63.tsv,rep63,rep63
repertoires/rep64.tsv,rep64,rep64
repertoires/rep65.tsv,rep65,rep65
repertoires/rep66.tsv,rep66,rep66
repertoires/rep67.tsv,rep67,rep67
repertoires/rep68.tsv,rep68,rep68
repertoires/rep69.tsv,rep69,rep69
repertoires/rep70.tsv,rep70,rep70
repertoires/rep71.tsv,rep71,rep71
repertoires/rep72.tsv,rep72,rep72
repertoires/rep73.tsv,rep73,rep73
repertoires/rep74.tsv,rep74,rep74
repertoires/rep75.tsv,rep75,rep75
repertoires/rep76.tsv,rep76,rep76
repertoires/rep77.tsv,rep77,rep77
repertoires/rep78.tsv,rep78,rep78
repertoires/rep79.tsv,rep79,rep79
repertoires/rep80.tsv,rep80,rep80
repertoires/rep81.tsv,rep81,rep81
repertoires/rep82.tsv,rep82,rep82
repertoires/rep83.tsv,rep83,rep83
repertoires/rep84.tsv,rep84,rep84
repertoires/rep85.tsv,rep85,rep85
repertoires/rep86.tsv,rep86,rep86
repertoires/rep87.tsv,rep87,rep87
repertoires/rep88.tsv,rep88,rep88
repertoires/rep89.tsv,rep89,rep89
repertoires/rep90.tsv,rep90,rep90
repertoires/rep91.tsv,rep91,rep91
repertoires/rep92.tsv,rep92,rep92
repertoires/rep93.tsv,rep93,rep93
repertoires/rep94.tsv,rep94,rep94
repertoires/rep95.tsv,rep95,rep95
repertoires/rep96.tsv,rep96,rep96
repertoires/rep97.tsv,rep97,rep97
repertoires/rep98.tsv,rep98,rep98
repertoires/rep99.tsv,rep99,rep99
repertoires/rep100.tsv,rep100,rep100
