filename,identifier,signal_with_pgen_outlier,subject_id
repertoires\09cca7d83beb40de825ef7a0ea8516c8.tsv,09cca7d83beb40de825ef7a0ea8516c8,True,rep1
repertoires\9dbbec3ace734770b1d4e7dbed439ed6.tsv,9dbbec3ace734770b1d4e7dbed439ed6,True,rep2
repertoires\e950b9af3fe54dd38139f6371c81ac47.tsv,e950b9af3fe54dd38139f6371c81ac47,True,rep3
repertoires\7200cc51eeb04563b33fd9efaefee0fb.tsv,7200cc51eeb04563b33fd9efaefee0fb,True,rep4
repertoires\7ae1dcecb7c94b01a80227af10737a91.tsv,7ae1dcecb7c94b01a80227af10737a91,True,rep5
repertoires\94b537efeb3e4e3cadcd3cd166be6db6.tsv,94b537efeb3e4e3cadcd3cd166be6db6,False,rep6
repertoires\52d590703e4a48fe929f90e62d14c66a.tsv,52d590703e4a48fe929f90e62d14c66a,False,rep7
repertoires\f059a17f0cde4e918761a98be89d6c18.tsv,f059a17f0cde4e918761a98be89d6c18,False,rep8
repertoires\8e5334377ec541e2a04c725430b65a0b.tsv,8e5334377ec541e2a04c725430b65a0b,False,rep9
repertoires\02d709b9b59746b58b107ab0a1621c26.tsv,02d709b9b59746b58b107ab0a1621c26,False,rep10
repertoires\145637c582fe40c2841547dc95347024.tsv,145637c582fe40c2841547dc95347024,False,rep11
repertoires\98f6b08a85ac4d41b157d7fa1dcf6251.tsv,98f6b08a85ac4d41b157d7fa1dcf6251,False,rep12
repertoires\a94534c19ec9434693f565977424efab.tsv,a94534c19ec9434693f565977424efab,False,rep13
repertoires\5de7019cb3dd46029cfb14d35bfff967.tsv,5de7019cb3dd46029cfb14d35bfff967,False,rep14
repertoires\a9aaa2b581884b3095b65886c6da10d0.tsv,a9aaa2b581884b3095b65886c6da10d0,False,rep15
repertoires\2d0d0ae8ece44212a29d136a61eacfa2.tsv,2d0d0ae8ece44212a29d136a61eacfa2,False,rep16
repertoires\a54c2b589485452f8e49ddacf7a0b21d.tsv,a54c2b589485452f8e49ddacf7a0b21d,False,rep17
repertoires\911a68d19da24e6996d25824bf45aaf9.tsv,911a68d19da24e6996d25824bf45aaf9,False,rep18
repertoires\a7ca9b2773b443e1bee294390ee21b78.tsv,a7ca9b2773b443e1bee294390ee21b78,False,rep19
repertoires\176b6849966349549f99fa1c81957976.tsv,176b6849966349549f99fa1c81957976,False,rep20
repertoires\6d8f608d7ca3474b9360150c0ce4a328.tsv,6d8f608d7ca3474b9360150c0ce4a328,False,rep21
repertoires\703d6c1d28914f7fbc6020d4f28b89e5.tsv,703d6c1d28914f7fbc6020d4f28b89e5,False,rep22
repertoires\56a4e3ba4418446f98427a2fbcb8b623.tsv,56a4e3ba4418446f98427a2fbcb8b623,False,rep23
repertoires\bc54ba02f0a64bdaa75b65c4c0150a31.tsv,bc54ba02f0a64bdaa75b65c4c0150a31,False,rep24
repertoires\4c409a972e7944d3a66724e24d978986.tsv,4c409a972e7944d3a66724e24d978986,False,rep25
repertoires\4b3d1d0f23b648ea9d1aedaf4a3b70f8.tsv,4b3d1d0f23b648ea9d1aedaf4a3b70f8,False,rep26
repertoires\11ce2eee61e34e49983a76da1ae4a31f.tsv,11ce2eee61e34e49983a76da1ae4a31f,False,rep27
repertoires\ab0e427357264d4e8cd2d2b1ef32557c.tsv,ab0e427357264d4e8cd2d2b1ef32557c,False,rep28
repertoires\83a59f860a9f404e8ad705500bcacd34.tsv,83a59f860a9f404e8ad705500bcacd34,False,rep29
repertoires\b8c8e6d95dd14c87966044299254fcfa.tsv,b8c8e6d95dd14c87966044299254fcfa,False,rep30
repertoires\eb8ce56c33944546a60c8b8f8eabb737.tsv,eb8ce56c33944546a60c8b8f8eabb737,False,rep31
repertoires\1d9207f44fd640ed882cdd40709b58f4.tsv,1d9207f44fd640ed882cdd40709b58f4,False,rep32
repertoires\2ec014ae898e46918a0f1375f9dd6f1b.tsv,2ec014ae898e46918a0f1375f9dd6f1b,False,rep33
repertoires\1c8e5f5b1fc54d298d3d2d6d065baac3.tsv,1c8e5f5b1fc54d298d3d2d6d065baac3,False,rep34
repertoires\d8101e2f62f641ca8dca9ce05d8dd07c.tsv,d8101e2f62f641ca8dca9ce05d8dd07c,False,rep35
repertoires\78b9dca35f7d43acafa09de1477fa521.tsv,78b9dca35f7d43acafa09de1477fa521,False,rep36
repertoires\02764ae9380a4c4ca0a1f8d898abd951.tsv,02764ae9380a4c4ca0a1f8d898abd951,False,rep37
repertoires\d7b09659d54940b6b30102768e2c24fe.tsv,d7b09659d54940b6b30102768e2c24fe,False,rep38
repertoires\c583eca1d3664b259d198a3314ca37ea.tsv,c583eca1d3664b259d198a3314ca37ea,False,rep39
repertoires\6c31574cf03c431f8213eab178c1c63b.tsv,6c31574cf03c431f8213eab178c1c63b,False,rep40
repertoires\9017744e7f264ef1a175402fb8e00e12.tsv,9017744e7f264ef1a175402fb8e00e12,False,rep41
repertoires\87ffa8ab47914cf58ac4a9f254c0f271.tsv,87ffa8ab47914cf58ac4a9f254c0f271,False,rep42
repertoires\36faee095e9846ad8925b96027de896c.tsv,36faee095e9846ad8925b96027de896c,False,rep43
repertoires\71d29244f019416ebf4b911d175c8406.tsv,71d29244f019416ebf4b911d175c8406,False,rep44
repertoires\e2efbddcab2e44c594642c7e1206e9c0.tsv,e2efbddcab2e44c594642c7e1206e9c0,False,rep45
repertoires\7815ce50f0794ef8b96913ea4afea4cf.tsv,7815ce50f0794ef8b96913ea4afea4cf,False,rep46
repertoires\545ec86e500e4f07b872dbf69057384a.tsv,545ec86e500e4f07b872dbf69057384a,False,rep47
repertoires\19ae80565e5845b7a48d5bd431c7d8a7.tsv,19ae80565e5845b7a48d5bd431c7d8a7,False,rep48
repertoires\cf89e24abdd447388216db3ec646c53c.tsv,cf89e24abdd447388216db3ec646c53c,False,rep49
repertoires\b528782d0a394dd7bfea82a20f5a7061.tsv,b528782d0a394dd7bfea82a20f5a7061,False,rep50
repertoires\e3529c48d16b4d87abaf0a15b85bbf36.tsv,e3529c48d16b4d87abaf0a15b85bbf36,False,rep51
repertoires\fdda6a4fcc7844e9866dad8ae7f95a99.tsv,fdda6a4fcc7844e9866dad8ae7f95a99,False,rep52
repertoires\80968b8cace1410e87ab58ae6996015e.tsv,80968b8cace1410e87ab58ae6996015e,False,rep53
repertoires\144e630b60674f0e93302e06bc81733f.tsv,144e630b60674f0e93302e06bc81733f,False,rep54
repertoires\d0ca91e8c3564561ab2f2c4b170441f2.tsv,d0ca91e8c3564561ab2f2c4b170441f2,False,rep55
repertoires\2c83d83cc579497a8d6c51df458008db.tsv,2c83d83cc579497a8d6c51df458008db,False,rep56
repertoires\1d4179b685554cc287bb93404aee3376.tsv,1d4179b685554cc287bb93404aee3376,False,rep57
repertoires\8136da97a00e4f7e922315e8a93c9fd1.tsv,8136da97a00e4f7e922315e8a93c9fd1,False,rep58
repertoires\ebbebfd71cad4717b73c78dcab827145.tsv,ebbebfd71cad4717b73c78dcab827145,False,rep59
repertoires\3f7be11e77794b959c9856c3dceeecca.tsv,3f7be11e77794b959c9856c3dceeecca,False,rep60
repertoires\272a6c9a6c164915b3ccc3e2b138232e.tsv,272a6c9a6c164915b3ccc3e2b138232e,False,rep61
repertoires\d926c6499f4c4f8e937c34cdfd676e81.tsv,d926c6499f4c4f8e937c34cdfd676e81,False,rep62
repertoires\500402b6db98497888888ac51281e1f5.tsv,500402b6db98497888888ac51281e1f5,False,rep63
repertoires\421f7d03ee7145d4bf6cb6f66725a1a8.tsv,421f7d03ee7145d4bf6cb6f66725a1a8,False,rep64
repertoires\e2e1590efc7e4ce7bd8bd525293b1d18.tsv,e2e1590efc7e4ce7bd8bd525293b1d18,False,rep65
repertoires\230fdfe5f2f04c888310b906037999bb.tsv,230fdfe5f2f04c888310b906037999bb,False,rep66
repertoires\b933458c4b4e4113b1f1a68011245a2c.tsv,b933458c4b4e4113b1f1a68011245a2c,False,rep67
repertoires\2e8c4225ea4d461d855572a203566805.tsv,2e8c4225ea4d461d855572a203566805,False,rep68
repertoires\e5aa53a86eac4f5181a402bf89db9f74.tsv,e5aa53a86eac4f5181a402bf89db9f74,False,rep69
repertoires\4e5050a4d62d415680cc35bdf58ab822.tsv,4e5050a4d62d415680cc35bdf58ab822,False,rep70
repertoires\954663bc8a66430bb52d4a355041698a.tsv,954663bc8a66430bb52d4a355041698a,False,rep71
repertoires\337397ff36e74af0bc470183759264a6.tsv,337397ff36e74af0bc470183759264a6,False,rep72
repertoires\7fdd64e5b37f41bda032fd4bed524088.tsv,7fdd64e5b37f41bda032fd4bed524088,False,rep73
repertoires\990e88addd0e4f39bc607404ae64db47.tsv,990e88addd0e4f39bc607404ae64db47,False,rep74
repertoires\16517b0afe044555846ca67a3ea2f6fd.tsv,16517b0afe044555846ca67a3ea2f6fd,False,rep75
repertoires\b0fb48b56fa14c1484c1364a4a508f9a.tsv,b0fb48b56fa14c1484c1364a4a508f9a,False,rep76
repertoires\5593acc499544ba6ab38c8129b76fcdd.tsv,5593acc499544ba6ab38c8129b76fcdd,False,rep77
repertoires\14eb4eb6d8524c829b5a8b8e3ed482af.tsv,14eb4eb6d8524c829b5a8b8e3ed482af,False,rep78
repertoires\a6b60ae9932846c2a250a396e70aafa1.tsv,a6b60ae9932846c2a250a396e70aafa1,False,rep79
repertoires\7c5325a9702d4127b1b9196460ef4cc2.tsv,7c5325a9702d4127b1b9196460ef4cc2,False,rep80
repertoires\ba2d88e32c424fb7930c64d28d15379f.tsv,ba2d88e32c424fb7930c64d28d15379f,False,rep81
repertoires\abd81ff735d64dd5820fae082ae38f59.tsv,abd81ff735d64dd5820fae082ae38f59,False,rep82
repertoires\2b05269d8b4e4692a31130af9142caca.tsv,2b05269d8b4e4692a31130af9142caca,False,rep83
repertoires\4a05286c1216412189e363bbb2177f80.tsv,4a05286c1216412189e363bbb2177f80,False,rep84
repertoires\d10dfe26ba7d4ac2a972432551d25a1b.tsv,d10dfe26ba7d4ac2a972432551d25a1b,False,rep85
repertoires\8af7b6571fac436e89351f7ee8131792.tsv,8af7b6571fac436e89351f7ee8131792,False,rep86
repertoires\6d28396701d147d3a0718b257ffec28c.tsv,6d28396701d147d3a0718b257ffec28c,False,rep87
repertoires\eac3431b4dd1429d8c705eb8bba28f94.tsv,eac3431b4dd1429d8c705eb8bba28f94,False,rep88
repertoires\b06657e985184f25adaeca5e5e36480c.tsv,b06657e985184f25adaeca5e5e36480c,False,rep89
repertoires\5b8a99f2defc4092ac21ebea19b75e3b.tsv,5b8a99f2defc4092ac21ebea19b75e3b,False,rep90
repertoires\4bf74218ada84e63af6f119ea543af57.tsv,4bf74218ada84e63af6f119ea543af57,False,rep91
repertoires\f940e37403bb4a8dae1b07565e3a6b20.tsv,f940e37403bb4a8dae1b07565e3a6b20,False,rep92
repertoires\9fd6274235264343bd2e55bd0e7396af.tsv,9fd6274235264343bd2e55bd0e7396af,False,rep93
repertoires\964aaa2a3e894acca6a082a06361a616.tsv,964aaa2a3e894acca6a082a06361a616,False,rep94
repertoires\9d271117981d492497e6918ae47cf30e.tsv,9d271117981d492497e6918ae47cf30e,False,rep95
repertoires\b749a93df2dc44e4b730a7b1ef0a1cac.tsv,b749a93df2dc44e4b730a7b1ef0a1cac,False,rep96
repertoires\67f7d715bc0c481496d4ed73e6f2ee46.tsv,67f7d715bc0c481496d4ed73e6f2ee46,False,rep97
repertoires\50df1055409e4dfcb3f9736719371eec.tsv,50df1055409e4dfcb3f9736719371eec,False,rep98
repertoires\6e2dd9021b0c4ef580734b182b8d0241.tsv,6e2dd9021b0c4ef580734b182b8d0241,False,rep99
repertoires\1b0eba823a8148dfafc9a3965205d1b4.tsv,1b0eba823a8148dfafc9a3965205d1b4,False,rep100
