	sequence_id	sequence	rev_comp	productive	v_call	d_call	j_call	sequence_alignment	germline_alignment	junction	junction_aa	v_cigar	d_cigar	j_cigar	cdr3_aa	locus	duplicate_count	vj_in_frame	stop_codon	v_genes	j_genes	v_subgroups	j_subgroups	region_types	frame_types
0	0			T	TRBV1-1*01		TRBJ1-1*01								YPLIVAISIYQFACYINRRSNNRPC	TRB	1	T	F	TRBV1-1	TRBJ1-1	TRBV1	TRBJ1	IMGT_CDR3	IN
1	1			T	TRBV1-1*01		TRBJ1-1*01								IVNQIKVAAADNGGGAPHRDTKINP	TRB	1	T	F	TRBV1-1	TRBJ1-1	TRBV1	TRBJ1	IMGT_CDR3	IN
2	2			T	TRBV1-1*01		TRBJ1-1*01								HDTLGFHAAAMISYAEWIISNVWMA	TRB	1	T	F	TRBV1-1	TRBJ1-1	TRBV1	TRBJ1	IMGT_CDR3	IN
3	3			T	TRBV1-1*01		TRBJ1-1*01								AYNTVGMMMVDLAQIHVWWCCKIYC	TRB	1	T	F	TRBV1-1	TRBJ1-1	TRBV1	TRBJ1	IMGT_CDR3	IN
4	4			T	TRBV1-1*01		TRBJ1-1*01								MKAGHQEAAAKRNQMQHPPYSESYH	TRB	1	T	F	TRBV1-1	TRBJ1-1	TRBV1	TRBJ1	IMGT_CDR3	IN
5	5			T	TRBV1-1*01		TRBJ1-1*01								VRLSTWYHQPFPAMGAYGTKNMLEI	TRB	1	T	F	TRBV1-1	TRBJ1-1	TRBV1	TRBJ1	IMGT_CDR3	IN
6	6			T	TRBV1-1*01		TRBJ1-1*01								SRHPHRNAAADNCDQWENVFTCDCQ	TRB	1	T	F	TRBV1-1	TRBJ1-1	TRBV1	TRBJ1	IMGT_CDR3	IN
7	7			T	TRBV1-1*01		TRBJ1-1*01								FQDNDTTAAAAGFHFNAVNTKIEIN	TRB	1	T	F	TRBV1-1	TRBJ1-1	TRBV1	TRBJ1	IMGT_CDR3	IN
8	8			T	TRBV1-1*01		TRBJ1-1*01								GYDSERDAAARTAQLDHVPACLPCE	TRB	1	T	F	TRBV1-1	TRBJ1-1	TRBV1	TRBJ1	IMGT_CDR3	IN
9	9			T	TRBV1-1*01		TRBJ1-1*01								PTSEKMSAAAGWEQAHRPLDARHKI	TRB	1	T	F	TRBV1-1	TRBJ1-1	TRBV1	TRBJ1	IMGT_CDR3	IN
10	10			T	TRBV1-1*01		TRBJ1-1*01								HCHETAECAIPIFPMEFFEIPTIIP	TRB	1	T	F	TRBV1-1	TRBJ1-1	TRBV1	TRBJ1	IMGT_CDR3	IN
11	11			T	TRBV1-1*01		TRBJ1-1*01								INYWYCWAAAYEVDVHLRNVGISCS	TRB	1	T	F	TRBV1-1	TRBJ1-1	TRBV1	TRBJ1	IMGT_CDR3	IN
12	12			T	TRBV1-1*01		TRBJ1-1*01								ALNTQLYYVVGGKIIEDCNCPKAEM	TRB	1	T	F	TRBV1-1	TRBJ1-1	TRBV1	TRBJ1	IMGT_CDR3	IN
13	13			T	TRBV1-1*01		TRBJ1-1*01								LLWMINSAAAAEFEMFAAPAFKHQD	TRB	1	T	F	TRBV1-1	TRBJ1-1	TRBV1	TRBJ1	IMGT_CDR3	IN
14	14			T	TRBV1-1*01		TRBJ1-1*01								ADYLMNSVWSLYEENMYYGDASANE	TRB	1	T	F	TRBV1-1	TRBJ1-1	TRBV1	TRBJ1	IMGT_CDR3	IN
15	15			T	TRBV1-1*01		TRBJ1-1*01								KERDYQDPQKIHEAAWLSVKAAAIT	TRB	1	T	F	TRBV1-1	TRBJ1-1	TRBV1	TRBJ1	IMGT_CDR3	IN
16	16			T	TRBV1-1*01		TRBJ1-1*01								FDVCKNPWQGMLHYQWEHDKRHMFL	TRB	1	T	F	TRBV1-1	TRBJ1-1	TRBV1	TRBJ1	IMGT_CDR3	IN
17	17			T	TRBV1-1*01		TRBJ1-1*01								SYGYWTSSEQHWHWLCYLAVHNDPC	TRB	1	T	F	TRBV1-1	TRBJ1-1	TRBV1	TRBJ1	IMGT_CDR3	IN
18	18			T	TRBV1-1*01		TRBJ1-1*01								FRPYDFCAAALYYPMLWTNHALPEN	TRB	1	T	F	TRBV1-1	TRBJ1-1	TRBV1	TRBJ1	IMGT_CDR3	IN
19	19			T	TRBV1-1*01		TRBJ1-1*01								KWRSPLDAAAALIGDPFQWDPKLWS	TRB	1	T	F	TRBV1-1	TRBJ1-1	TRBV1	TRBJ1	IMGT_CDR3	IN
20	20			T	TRBV1-1*01		TRBJ1-1*01								FPHPYPGAAAWCFDLWEGSNHNKKH	TRB	1	T	F	TRBV1-1	TRBJ1-1	TRBV1	TRBJ1	IMGT_CDR3	IN
21	21			T	TRBV1-1*01		TRBJ1-1*01								IAMRNRIHQGTAPDWEGQREGFRDC	TRB	1	T	F	TRBV1-1	TRBJ1-1	TRBV1	TRBJ1	IMGT_CDR3	IN
22	22			T	TRBV1-1*01		TRBJ1-1*01								YERHAIPNHGNSKGMRNHTMACADG	TRB	1	T	F	TRBV1-1	TRBJ1-1	TRBV1	TRBJ1	IMGT_CDR3	IN
23	23			T	TRBV1-1*01		TRBJ1-1*01								IEGRMTGAAAVSACFMWTTSSNWFC	TRB	1	T	F	TRBV1-1	TRBJ1-1	TRBV1	TRBJ1	IMGT_CDR3	IN
24	24			T	TRBV1-1*01		TRBJ1-1*01								RNIKMTCAAALIYFPEGYESYLIMM	TRB	1	T	F	TRBV1-1	TRBJ1-1	TRBV1	TRBJ1	IMGT_CDR3	IN
