filename,subject_id,identifier
output_dir\synthetic_dataset\result\datasets\my_synthetic_dataset\repertoires\rep_0.npy,rep_0,c1087ac480354790a8834f8c609a9b43
output_dir\synthetic_dataset\result\datasets\my_synthetic_dataset\repertoires\rep_1.npy,rep_1,f6a8042a9b0244c0865a04df0f8cec33
output_dir\synthetic_dataset\result\datasets\my_synthetic_dataset\repertoires\rep_2.npy,rep_2,88aa098c693b491e8fd883a2db7c006a
output_dir\synthetic_dataset\result\datasets\my_synthetic_dataset\repertoires\rep_3.npy,rep_3,99f7cf6d2c0f4d9aa9d1109448066e52
output_dir\synthetic_dataset\result\datasets\my_synthetic_dataset\repertoires\rep_4.npy,rep_4,05029fc5598544d5870706bc9b31cbfd
output_dir\synthetic_dataset\result\datasets\my_synthetic_dataset\repertoires\rep_5.npy,rep_5,89cb9ad96918468496006eeebc742fa2
output_dir\synthetic_dataset\result\datasets\my_synthetic_dataset\repertoires\rep_6.npy,rep_6,30811b2561a3414eab8973e652695b8c
output_dir\synthetic_dataset\result\datasets\my_synthetic_dataset\repertoires\rep_7.npy,rep_7,6c81541f45b54c84b5974023c7a6fdae
output_dir\synthetic_dataset\result\datasets\my_synthetic_dataset\repertoires\rep_8.npy,rep_8,a60847f2443f4cce9b7edfdcb1acca9f
output_dir\synthetic_dataset\result\datasets\my_synthetic_dataset\repertoires\rep_9.npy,rep_9,221d3bf250da4b50be6bdc168e8013ab
output_dir\synthetic_dataset\result\datasets\my_synthetic_dataset\repertoires\rep_10.npy,rep_10,b1c33abcb83f4640b362f82234e7a208
output_dir\synthetic_dataset\result\datasets\my_synthetic_dataset\repertoires\rep_11.npy,rep_11,78519285bc6e4ff58be93e44e685c940
output_dir\synthetic_dataset\result\datasets\my_synthetic_dataset\repertoires\rep_12.npy,rep_12,beeff3ddeabd4b3baace6d3c81a6d3b7
output_dir\synthetic_dataset\result\datasets\my_synthetic_dataset\repertoires\rep_13.npy,rep_13,5d39503124124313be4ff03bd3c1ec05
output_dir\synthetic_dataset\result\datasets\my_synthetic_dataset\repertoires\rep_14.npy,rep_14,fb6d56c1ed4c444db2e83e0d8c6b8dcb
output_dir\synthetic_dataset\result\datasets\my_synthetic_dataset\repertoires\rep_15.npy,rep_15,40908f5926124cde99a2c429ad0794e5
output_dir\synthetic_dataset\result\datasets\my_synthetic_dataset\repertoires\rep_16.npy,rep_16,745cd9d5fa2642b89b88471b66039d5b
output_dir\synthetic_dataset\result\datasets\my_synthetic_dataset\repertoires\rep_17.npy,rep_17,05afe923b2434fee97441ee9d7df380e
output_dir\synthetic_dataset\result\datasets\my_synthetic_dataset\repertoires\rep_18.npy,rep_18,40170c4da3234aba8d944b105925469c
output_dir\synthetic_dataset\result\datasets\my_synthetic_dataset\repertoires\rep_19.npy,rep_19,3ccc5f76039148e78154ba57c5026cc2
output_dir\synthetic_dataset\result\datasets\my_synthetic_dataset\repertoires\rep_20.npy,rep_20,9e2fb81c6ace49a892900717f2cd8bfa
output_dir\synthetic_dataset\result\datasets\my_synthetic_dataset\repertoires\rep_21.npy,rep_21,74d14c20360a41ebb3f7ece2498f0cf7
output_dir\synthetic_dataset\result\datasets\my_synthetic_dataset\repertoires\rep_22.npy,rep_22,ddaab5c07ce64508a0bb2b53df00207b
output_dir\synthetic_dataset\result\datasets\my_synthetic_dataset\repertoires\rep_23.npy,rep_23,3cd0e192d17d40a2af5fe0dfcc1586fa
output_dir\synthetic_dataset\result\datasets\my_synthetic_dataset\repertoires\rep_24.npy,rep_24,60175eb93c22433a82ed53f9aa3b6009
output_dir\synthetic_dataset\result\datasets\my_synthetic_dataset\repertoires\rep_25.npy,rep_25,5ee7fddd69d145f2bd568b0710aa0ac5
output_dir\synthetic_dataset\result\datasets\my_synthetic_dataset\repertoires\rep_26.npy,rep_26,3edb81dc644f432b8354286305d2ae21
output_dir\synthetic_dataset\result\datasets\my_synthetic_dataset\repertoires\rep_27.npy,rep_27,8e950bd6e3b94c1ebea854d088226e28
output_dir\synthetic_dataset\result\datasets\my_synthetic_dataset\repertoires\rep_28.npy,rep_28,7b59b9f0e6a24e94bb12adc1b08140ac
output_dir\synthetic_dataset\result\datasets\my_synthetic_dataset\repertoires\rep_29.npy,rep_29,f4a329b5dd794fcba80796f0282c9380
output_dir\synthetic_dataset\result\datasets\my_synthetic_dataset\repertoires\rep_30.npy,rep_30,955b229fd0c8423f9df049fb386bb8f1
output_dir\synthetic_dataset\result\datasets\my_synthetic_dataset\repertoires\rep_31.npy,rep_31,4b727ca697a843fea28eaf0be936fdf9
output_dir\synthetic_dataset\result\datasets\my_synthetic_dataset\repertoires\rep_32.npy,rep_32,03b97da748624c02ac1cfa1da8f63fd1
output_dir\synthetic_dataset\result\datasets\my_synthetic_dataset\repertoires\rep_33.npy,rep_33,7bfe3e182f5e490f8fb94b4e68decd30
output_dir\synthetic_dataset\result\datasets\my_synthetic_dataset\repertoires\rep_34.npy,rep_34,88037abd18f84fd7af65537f61092fec
output_dir\synthetic_dataset\result\datasets\my_synthetic_dataset\repertoires\rep_35.npy,rep_35,5b13d6553c8d47ebba6ddf5ae372cc6b
output_dir\synthetic_dataset\result\datasets\my_synthetic_dataset\repertoires\rep_36.npy,rep_36,71ccdc2a145f4b38a0480f6c414dd347
output_dir\synthetic_dataset\result\datasets\my_synthetic_dataset\repertoires\rep_37.npy,rep_37,76b201408bf3449fabad109e6a008dcf
output_dir\synthetic_dataset\result\datasets\my_synthetic_dataset\repertoires\rep_38.npy,rep_38,40d61444c7614f0fb845fb31c739562c
output_dir\synthetic_dataset\result\datasets\my_synthetic_dataset\repertoires\rep_39.npy,rep_39,614ecd62dca24cd98a2a7efe8faca174
output_dir\synthetic_dataset\result\datasets\my_synthetic_dataset\repertoires\rep_40.npy,rep_40,7446c6af44024aed8c3bfb07de5b6b63
output_dir\synthetic_dataset\result\datasets\my_synthetic_dataset\repertoires\rep_41.npy,rep_41,9ddca325919a42dfb4dd7e18645ef520
output_dir\synthetic_dataset\result\datasets\my_synthetic_dataset\repertoires\rep_42.npy,rep_42,986382ae73fa4172aa87107748718126
output_dir\synthetic_dataset\result\datasets\my_synthetic_dataset\repertoires\rep_43.npy,rep_43,a1a4404e0cf149aab870ada6923cb36e
output_dir\synthetic_dataset\result\datasets\my_synthetic_dataset\repertoires\rep_44.npy,rep_44,054f76f23c1840e780953883abcf1639
output_dir\synthetic_dataset\result\datasets\my_synthetic_dataset\repertoires\rep_45.npy,rep_45,11a0b961cc9a4d5a8a96e185345ce4f0
output_dir\synthetic_dataset\result\datasets\my_synthetic_dataset\repertoires\rep_46.npy,rep_46,05c97375bdbe4161a5f0d38db04b569d
output_dir\synthetic_dataset\result\datasets\my_synthetic_dataset\repertoires\rep_47.npy,rep_47,7ca3530ea7364fec96385b86bded0142
output_dir\synthetic_dataset\result\datasets\my_synthetic_dataset\repertoires\rep_48.npy,rep_48,52f182613a6d43eaa9c36e882388a609
output_dir\synthetic_dataset\result\datasets\my_synthetic_dataset\repertoires\rep_49.npy,rep_49,dbb907fbb0f141c785db91645360c95b
output_dir\synthetic_dataset\result\datasets\my_synthetic_dataset\repertoires\rep_50.npy,rep_50,e2bf3755528a460eb4f0c81ae06df32f
output_dir\synthetic_dataset\result\datasets\my_synthetic_dataset\repertoires\rep_51.npy,rep_51,a4c27324fffd4485bd313808fcd562f8
output_dir\synthetic_dataset\result\datasets\my_synthetic_dataset\repertoires\rep_52.npy,rep_52,2420ad2bdb994444bf8955e50f6c7ad1
output_dir\synthetic_dataset\result\datasets\my_synthetic_dataset\repertoires\rep_53.npy,rep_53,b9de42d5cb854d5191fff8e22d8d04af
output_dir\synthetic_dataset\result\datasets\my_synthetic_dataset\repertoires\rep_54.npy,rep_54,b48dab8026674cd3aefcb56764524988
output_dir\synthetic_dataset\result\datasets\my_synthetic_dataset\repertoires\rep_55.npy,rep_55,678ed538155342a9b6397b22464b8127
output_dir\synthetic_dataset\result\datasets\my_synthetic_dataset\repertoires\rep_56.npy,rep_56,de709fc28f85400798f58f0b119ea6e6
output_dir\synthetic_dataset\result\datasets\my_synthetic_dataset\repertoires\rep_57.npy,rep_57,fdc0099390e34843af33062431e0793a
output_dir\synthetic_dataset\result\datasets\my_synthetic_dataset\repertoires\rep_58.npy,rep_58,fc828e31cd3b4703b49741e9316f73b9
output_dir\synthetic_dataset\result\datasets\my_synthetic_dataset\repertoires\rep_59.npy,rep_59,1271c496af534fc1a09e32aa84c65044
output_dir\synthetic_dataset\result\datasets\my_synthetic_dataset\repertoires\rep_60.npy,rep_60,a7c1df51e12140e49db5b940f553f16e
output_dir\synthetic_dataset\result\datasets\my_synthetic_dataset\repertoires\rep_61.npy,rep_61,be3ea74651a1496cb45c5f204e4c6a24
output_dir\synthetic_dataset\result\datasets\my_synthetic_dataset\repertoires\rep_62.npy,rep_62,00ea4c58b10f47d28687c4742d1d36cf
output_dir\synthetic_dataset\result\datasets\my_synthetic_dataset\repertoires\rep_63.npy,rep_63,c05140f2a40e45788e008ecb7899cde4
output_dir\synthetic_dataset\result\datasets\my_synthetic_dataset\repertoires\rep_64.npy,rep_64,8ab6ad5ad78941b395217b968125085e
output_dir\synthetic_dataset\result\datasets\my_synthetic_dataset\repertoires\rep_65.npy,rep_65,3fe77500dc154a0f89296c2e2fff913a
output_dir\synthetic_dataset\result\datasets\my_synthetic_dataset\repertoires\rep_66.npy,rep_66,befdee5d77de4a8387db575f91bd036d
output_dir\synthetic_dataset\result\datasets\my_synthetic_dataset\repertoires\rep_67.npy,rep_67,3c099bdf743647b08e5c0f35d69a59dc
output_dir\synthetic_dataset\result\datasets\my_synthetic_dataset\repertoires\rep_68.npy,rep_68,26f7a8b52c9c477ea85e915ff875720c
output_dir\synthetic_dataset\result\datasets\my_synthetic_dataset\repertoires\rep_69.npy,rep_69,2dc7e39108c34e83aa15e865cb5f125c
output_dir\synthetic_dataset\result\datasets\my_synthetic_dataset\repertoires\rep_70.npy,rep_70,e3e834597b914c6a97ca78c204aa9f4e
output_dir\synthetic_dataset\result\datasets\my_synthetic_dataset\repertoires\rep_71.npy,rep_71,d3ba97048cf1450f9a3090c09deab253
output_dir\synthetic_dataset\result\datasets\my_synthetic_dataset\repertoires\rep_72.npy,rep_72,33c329c314e14b07844c5d055012a7b0
output_dir\synthetic_dataset\result\datasets\my_synthetic_dataset\repertoires\rep_73.npy,rep_73,ccabec5eeaca44e69eb5db5aad59938b
output_dir\synthetic_dataset\result\datasets\my_synthetic_dataset\repertoires\rep_74.npy,rep_74,0ea8bac6f2e144c5b2a0f86a33a500ba
output_dir\synthetic_dataset\result\datasets\my_synthetic_dataset\repertoires\rep_75.npy,rep_75,fb14b05c6dbb4444b25a53bdf7db3ddd
output_dir\synthetic_dataset\result\datasets\my_synthetic_dataset\repertoires\rep_76.npy,rep_76,ef1a50ca39df492984847d12526c1dd3
output_dir\synthetic_dataset\result\datasets\my_synthetic_dataset\repertoires\rep_77.npy,rep_77,8c008ef86f1e4a039df761abf80bd60a
output_dir\synthetic_dataset\result\datasets\my_synthetic_dataset\repertoires\rep_78.npy,rep_78,45b91b13028846febae2b9a670c41312
output_dir\synthetic_dataset\result\datasets\my_synthetic_dataset\repertoires\rep_79.npy,rep_79,64a735a4902443968de2edec3479041d
output_dir\synthetic_dataset\result\datasets\my_synthetic_dataset\repertoires\rep_80.npy,rep_80,e3a4058ce27e42e78456de13684de59b
output_dir\synthetic_dataset\result\datasets\my_synthetic_dataset\repertoires\rep_81.npy,rep_81,50739fdf263f4200929740910aa4f845
output_dir\synthetic_dataset\result\datasets\my_synthetic_dataset\repertoires\rep_82.npy,rep_82,620936b01ce540509838fd0a9ce9c1ba
output_dir\synthetic_dataset\result\datasets\my_synthetic_dataset\repertoires\rep_83.npy,rep_83,b3f8863479484e43a0a16c5bde855a0c
output_dir\synthetic_dataset\result\datasets\my_synthetic_dataset\repertoires\rep_84.npy,rep_84,e8373a31728a44d08a0c9408dae279cc
output_dir\synthetic_dataset\result\datasets\my_synthetic_dataset\repertoires\rep_85.npy,rep_85,0b757b45f6e04b7eba316796b8bf0ffc
output_dir\synthetic_dataset\result\datasets\my_synthetic_dataset\repertoires\rep_86.npy,rep_86,0a63f46b7f0c43dda9b9b5394e4e6d4c
output_dir\synthetic_dataset\result\datasets\my_synthetic_dataset\repertoires\rep_87.npy,rep_87,f8e4a73eee044a62b78ab6054b99e736
output_dir\synthetic_dataset\result\datasets\my_synthetic_dataset\repertoires\rep_88.npy,rep_88,2cac0c215b9e4620ad4875f98f25e9cd
output_dir\synthetic_dataset\result\datasets\my_synthetic_dataset\repertoires\rep_89.npy,rep_89,8d232523de4e499d82b7ab26eca5cc24
output_dir\synthetic_dataset\result\datasets\my_synthetic_dataset\repertoires\rep_90.npy,rep_90,4cd9834c912c41f997531b675ee3aac3
output_dir\synthetic_dataset\result\datasets\my_synthetic_dataset\repertoires\rep_91.npy,rep_91,a9ebb65c9afd4f08960983160af0fa3a
output_dir\synthetic_dataset\result\datasets\my_synthetic_dataset\repertoires\rep_92.npy,rep_92,79b838c605014ba4962edefbd796d2c5
output_dir\synthetic_dataset\result\datasets\my_synthetic_dataset\repertoires\rep_93.npy,rep_93,e46b24ff70374ddb9f29ac54559db86a
output_dir\synthetic_dataset\result\datasets\my_synthetic_dataset\repertoires\rep_94.npy,rep_94,d348db93fe2c4bcab6f9bd5f0dae48e5
output_dir\synthetic_dataset\result\datasets\my_synthetic_dataset\repertoires\rep_95.npy,rep_95,842a342cb0c74f39845685c82ef93979
output_dir\synthetic_dataset\result\datasets\my_synthetic_dataset\repertoires\rep_96.npy,rep_96,57eaccf641d040d593e55b36759bcda2
output_dir\synthetic_dataset\result\datasets\my_synthetic_dataset\repertoires\rep_97.npy,rep_97,79ae97f9ea1842b7834ccbb0fb786a98
output_dir\synthetic_dataset\result\datasets\my_synthetic_dataset\repertoires\rep_98.npy,rep_98,fe86c43d39e14959a9da5f4e0d264623
output_dir\synthetic_dataset\result\datasets\my_synthetic_dataset\repertoires\rep_99.npy,rep_99,92944dce8e5a43b7bcda0389d78f0176
